{"cameraMode":{"drawMode":0,"name":"Shaded","section":"Shading Mode"},"sceneLighting":true,"audioPlay":false,"sceneViewState":{"showFog":true,"showMaterialUpdate":false,"showSkybox":true,"showFlares":true,"showImageEffects":true,"showParticleSystems":true},"in2DMode":false,"pivot":{"x":181.1365966796875,"y":-82.7928466796875,"z":-161.9405517578125},"rotation":{"x":-0.31286054849624636,"y":0.2551356256008148,"z":-0.08764366060495377,"w":-0.9106826186180115},"size":1394.0753173828125,"orthographic":false}