{"cameraMode":{"drawMode":0,"name":"Shaded","section":"Shading Mode"},"sceneLighting":true,"audioPlay":false,"sceneViewState":{"showFog":true,"showMaterialUpdate":false,"showSkybox":true,"showFlares":true,"showImageEffects":true,"showParticleSystems":true},"in2DMode":false,"pivot":{"x":-351.2232971191406,"y":85.5205307006836,"z":2059.743408203125},"rotation":{"x":-0.0026659020222723486,"y":0.9873644709587097,"z":-0.016700027510523797,"w":-0.15756084024906159},"size":7.030445575714111,"orthographic":false}