{"cameraMode":{"drawMode":0,"name":"Shaded","section":"Shading Mode"},"sceneLighting":true,"audioPlay":false,"sceneViewState":{"showFog":true,"showMaterialUpdate":false,"showSkybox":true,"showFlares":true,"showImageEffects":true,"showParticleSystems":true},"in2DMode":false,"pivot":{"x":-332.5205078125,"y":80.15713500976563,"z":2116.0322265625},"rotation":{"x":0.170835480093956,"y":-0.07039889693260193,"z":0.012238324619829655,"w":0.9827051758766174},"size":44.126739501953128,"orthographic":false}