{"cameraMode":{"drawMode":0,"name":"Shaded","section":"Shading Mode"},"sceneLighting":true,"audioPlay":false,"sceneViewState":{"showFog":true,"showMaterialUpdate":false,"showSkybox":true,"showFlares":true,"showImageEffects":true,"showParticleSystems":true},"in2DMode":false,"pivot":{"x":-21.460607528686525,"y":-26.13964080810547,"z":9.557174682617188},"rotation":{"x":-0.4231407344341278,"y":0.41240400075912478,"z":-0.22525624930858613,"w":-0.7746835350990295},"size":60.192012786865237,"orthographic":false}