{"cameraMode":{"drawMode":0,"name":"Shaded","section":"Shading Mode"},"sceneLighting":true,"audioPlay":false,"sceneViewState":{"showFog":true,"showMaterialUpdate":false,"showSkybox":true,"showFlares":true,"showImageEffects":true,"showParticleSystems":true},"in2DMode":false,"pivot":{"x":-1252.665771484375,"y":816.1419677734375,"z":1744.642578125},"rotation":{"x":-0.29735761880874636,"y":0.695250391960144,"z":-0.3980339765548706,"w":-0.5193980932235718},"size":529.3944091796875,"orthographic":false}