{"cameraMode":{"drawMode":0,"name":"Shaded","section":"Shading Mode"},"sceneLighting":true,"audioPlay":false,"sceneViewState":{"showFog":true,"showMaterialUpdate":false,"showSkybox":true,"showFlares":true,"showImageEffects":true,"showParticleSystems":true},"in2DMode":false,"pivot":{"x":-182.0,"y":422.52825927734377,"z":1709.13720703125},"rotation":{"x":0.0002296830207342282,"y":0.9997468590736389,"z":-0.01782531850039959,"w":0.013729177415370942},"size":160.69227600097657,"orthographic":true}