{"cameraMode":{"drawMode":0,"name":"Shaded","section":"Shading Mode"},"sceneLighting":true,"audioPlay":false,"sceneViewState":{"showFog":true,"showMaterialUpdate":false,"showSkybox":true,"showFlares":true,"showImageEffects":true,"showParticleSystems":true},"in2DMode":false,"pivot":{"x":-464.2689208984375,"y":-45.351318359375,"z":-576.935791015625},"rotation":{"x":0.007899696007370949,"y":0.9910010099411011,"z":-0.0683184489607811,"w":0.1148354783654213},"size":2165.53564453125,"orthographic":true}