{"cameraMode":{"drawMode":0,"name":"Shaded","section":"Shading Mode"},"sceneLighting":true,"audioPlay":false,"sceneViewState":{"showFog":true,"showMaterialUpdate":false,"showSkybox":true,"showFlares":true,"showImageEffects":true,"showParticleSystems":true},"in2DMode":false,"pivot":{"x":-182.0,"y":422.52825927734377,"z":1709.13720703125},"rotation":{"x":-0.00025030248798429966,"y":0.9996017813682556,"z":-0.02682335674762726,"w":-0.008764810860157013},"size":160.69227600097657,"orthographic":true}