{"cameraMode":{"drawMode":0,"name":"Shaded","section":"Shading Mode"},"sceneLighting":true,"audioPlay":false,"sceneViewState":{"showFog":true,"showMaterialUpdate":false,"showSkybox":true,"showFlares":true,"showImageEffects":true,"showParticleSystems":true},"in2DMode":false,"pivot":{"x":3371.283203125,"y":-1071.6298828125,"z":-6080.27978515625},"rotation":{"x":-0.07408104091882706,"y":0.8352869153022766,"z":-0.11628670245409012,"w":-0.5322454571723938},"size":33204.2109375,"orthographic":false}