{"cameraMode":{"drawMode":0,"name":"Shaded","section":"Shading Mode"},"sceneLighting":true,"audioPlay":false,"sceneViewState":{"showFog":true,"showMaterialUpdate":false,"showSkybox":true,"showFlares":true,"showImageEffects":true,"showParticleSystems":true},"in2DMode":false,"pivot":{"x":8.778106689453125,"y":106.84124755859375,"z":25.372982025146486},"rotation":{"x":-0.3461954891681671,"y":-0.037889473140239719,"z":0.013994761742651463,"w":-0.9372925758361816},"size":18.339298248291017,"orthographic":false}