{"cameraMode":{"drawMode":0,"name":"Shaded","section":"Shading Mode"},"sceneLighting":true,"audioPlay":false,"sceneViewState":{"showFog":true,"showMaterialUpdate":false,"showSkybox":true,"showFlares":true,"showImageEffects":true,"showParticleSystems":true},"in2DMode":false,"pivot":{"x":51.599998474121097,"y":72.09500122070313,"z":-22.679718017578126},"rotation":{"x":-0.14708855748176576,"y":-0.18609152734279633,"z":0.028171921148896219,"w":-0.9710516333580017},"size":7.256000518798828,"orthographic":false}