{"cameraMode":{"drawMode":0,"name":"Shaded","section":"Shading Mode"},"sceneLighting":true,"audioPlay":false,"sceneViewState":{"showFog":true,"showMaterialUpdate":false,"showSkybox":true,"showFlares":true,"showImageEffects":true,"showParticleSystems":true},"in2DMode":false,"pivot":{"x":829.010498046875,"y":98.42620849609375,"z":353.967041015625},"rotation":{"x":-0.21643845736980439,"y":0.047398291528224948,"z":-0.01049154531210661,"w":-0.9750885963439941},"size":1929.0137939453125,"orthographic":false}