{"cameraMode":{"drawMode":0,"name":"Shaded","section":"Shading Mode"},"sceneLighting":true,"audioPlay":false,"sceneViewState":{"showFog":true,"showMaterialUpdate":false,"showSkybox":true,"showFlares":true,"showImageEffects":true,"showParticleSystems":true},"in2DMode":false,"pivot":{"x":-347.4125671386719,"y":72.24224853515625,"z":2215.985107421875},"rotation":{"x":0.06503869593143463,"y":0.23399856686592103,"z":-0.015690848231315614,"w":0.9699321389198303},"size":20.93807029724121,"orthographic":false}