{"cameraMode":{"drawMode":0,"name":"Shaded","section":"Shading Mode"},"sceneLighting":true,"audioPlay":false,"sceneViewState":{"showFog":true,"showMaterialUpdate":false,"showSkybox":true,"showFlares":true,"showImageEffects":true,"showParticleSystems":true},"in2DMode":false,"pivot":{"x":19.623106002807618,"y":70.93390655517578,"z":-35.47975540161133},"rotation":{"x":-0.2483310103416443,"y":-0.750146210193634,"z":0.40476861596107485,"w":-0.4601899981498718},"size":2.8578836917877199,"orthographic":false}