{"cameraMode":{"drawMode":0,"name":"Shaded","section":"Shading Mode"},"sceneLighting":true,"audioPlay":false,"sceneViewState":{"showFog":true,"showMaterialUpdate":false,"showSkybox":true,"showFlares":true,"showImageEffects":true,"showParticleSystems":true},"in2DMode":false,"pivot":{"x":45.982173919677737,"y":74.16517639160156,"z":-27.381210327148439},"rotation":{"x":0.03481663763523102,"y":-0.5376505851745606,"z":0.022228216752409936,"w":0.8421553373336792},"size":5.472994327545166,"orthographic":false}