{"cameraMode":{"drawMode":0,"name":"Shaded","section":"Shading Mode"},"sceneLighting":true,"audioPlay":false,"sceneViewState":{"showFog":true,"showMaterialUpdate":false,"showSkybox":true,"showFlares":true,"showImageEffects":true,"showParticleSystems":true},"in2DMode":false,"pivot":{"x":-343.8380126953125,"y":77.04878234863281,"z":2023.1959228515625},"rotation":{"x":0.09589838981628418,"y":-0.884314775466919,"z":0.4065439999103546,"w":0.20859745144844056},"size":11.709724426269532,"orthographic":false}