{"cameraMode":{"drawMode":0,"name":"Shaded","section":"Shading Mode"},"sceneLighting":true,"audioPlay":false,"sceneViewState":{"showFog":true,"showMaterialUpdate":false,"showSkybox":true,"showFlares":true,"showImageEffects":true,"showParticleSystems":true},"in2DMode":false,"pivot":{"x":102.52400970458985,"y":94.09962463378906,"z":-53.47111511230469},"rotation":{"x":0.3485875427722931,"y":-0.5329009890556336,"z":0.255331814289093,"w":0.7275362014770508},"size":11.689804077148438,"orthographic":false}