{"cameraMode":{"drawMode":0,"name":"Shaded","section":"Shading Mode"},"sceneLighting":true,"audioPlay":false,"sceneViewState":{"showFog":true,"showMaterialUpdate":false,"showSkybox":true,"showFlares":true,"showImageEffects":true,"showParticleSystems":true},"in2DMode":false,"pivot":{"x":-296.4632873535156,"y":78.82102966308594,"z":2089.15380859375},"rotation":{"x":0.027221322059631349,"y":-0.7897399663925171,"z":0.03509027883410454,"w":0.6118320822715759},"size":10.62331485748291,"orthographic":false}