{"cameraMode":{"drawMode":0,"name":"Shaded","section":"Shading Mode"},"sceneLighting":true,"audioPlay":false,"sceneViewState":{"showFog":true,"showMaterialUpdate":false,"showSkybox":true,"showFlares":true,"showImageEffects":true,"showParticleSystems":true},"in2DMode":false,"pivot":{"x":-186.7427520751953,"y":485.026611328125,"z":1691.598388671875},"rotation":{"x":0.0060819354839622978,"y":-0.9879795908927918,"z":-0.040202390402555469,"w":-0.14914150536060334},"size":142.7222900390625,"orthographic":false}