{"cameraMode":{"drawMode":0,"name":"Shaded","section":"Shading Mode"},"sceneLighting":true,"audioPlay":false,"sceneViewState":{"showFog":true,"showMaterialUpdate":false,"showSkybox":true,"showFlares":true,"showImageEffects":true,"showParticleSystems":true},"in2DMode":false,"pivot":{"x":-1178.4613037109375,"y":665.3375854492188,"z":1661.4793701171875},"rotation":{"x":-0.14503787457942964,"y":-0.8029518127441406,"z":0.21739710867404939,"w":-0.5356967449188232},"size":33.0329475402832,"orthographic":false}