{"cameraMode":{"drawMode":0,"name":"Shaded","section":"Shading Mode"},"sceneLighting":true,"audioPlay":false,"sceneViewState":{"showFog":true,"showMaterialUpdate":false,"showSkybox":true,"showFlares":true,"showImageEffects":true,"showParticleSystems":true},"in2DMode":false,"pivot":{"x":349.9138488769531,"y":411.0032653808594,"z":-69.10050201416016},"rotation":{"x":0.03588423877954483,"y":-0.04656132683157921,"z":0.0016713041113689542,"w":0.9982693195343018},"size":955.8908081054688,"orthographic":false}