{"cameraMode":{"drawMode":0,"name":"Shaded","section":"Shading Mode"},"sceneLighting":true,"audioPlay":false,"sceneViewState":{"showFog":true,"showMaterialUpdate":false,"showSkybox":true,"showFlares":true,"showImageEffects":true,"showParticleSystems":true},"in2DMode":false,"pivot":{"x":-196.559326171875,"y":186.27517700195313,"z":2103.534423828125},"rotation":{"x":-0.048677220940589908,"y":-0.9508172869682312,"z":0.23159724473953248,"w":-0.19984962046146394},"size":14.932443618774414,"orthographic":false}