{"cameraMode":{"drawMode":0,"name":"Shaded","section":"Shading Mode"},"sceneLighting":true,"audioPlay":false,"sceneViewState":{"showFog":true,"showMaterialUpdate":false,"showSkybox":true,"showFlares":true,"showImageEffects":true,"showParticleSystems":true},"in2DMode":false,"pivot":{"x":-347.8792724609375,"y":71.21074676513672,"z":2047.046875},"rotation":{"x":0.38959571719169619,"y":-0.10768117010593414,"z":0.045923419296741489,"w":0.9135157465934753},"size":22.368818283081056,"orthographic":false}