{"cameraMode":{"drawMode":0,"name":"Shaded","section":"Shading Mode"},"sceneLighting":true,"audioPlay":false,"sceneViewState":{"showFog":true,"showMaterialUpdate":false,"showSkybox":true,"showFlares":true,"showImageEffects":true,"showParticleSystems":true},"in2DMode":false,"pivot":{"x":69.84284210205078,"y":104.90045166015625,"z":-8.16648006439209},"rotation":{"x":0.5026130080223084,"y":-0.42561349272727969,"z":0.3124794363975525,"w":0.6845362782478333},"size":54.74623489379883,"orthographic":true}