{"cameraMode":{"drawMode":0,"name":"Shaded","section":"Shading Mode"},"sceneLighting":true,"audioPlay":false,"sceneViewState":{"showFog":true,"showMaterialUpdate":false,"showSkybox":true,"showFlares":true,"showImageEffects":true,"showParticleSystems":true},"in2DMode":false,"pivot":{"x":-984.3329467773438,"y":-445.316650390625,"z":-492.11614990234377},"rotation":{"x":-0.11495472490787506,"y":0.8217867612838745,"z":-0.17869903147220612,"w":-0.5286951661109924},"size":1290.17578125,"orthographic":false}