{"cameraMode":{"drawMode":0,"name":"Shaded","section":"Shading Mode"},"sceneLighting":true,"audioPlay":false,"sceneViewState":{"showFog":true,"showMaterialUpdate":false,"showSkybox":true,"showFlares":true,"showImageEffects":true,"showParticleSystems":true},"in2DMode":false,"pivot":{"x":-371.3349914550781,"y":81.42649841308594,"z":1994.321533203125},"rotation":{"x":-0.2427738904953003,"y":-0.07248754054307938,"z":0.018196050077676774,"w":-0.9671997427940369},"size":10.21860122680664,"orthographic":false}