{"cameraMode":{"drawMode":0,"name":"Shaded","section":"Shading Mode"},"sceneLighting":true,"audioPlay":false,"sceneViewState":{"showFog":true,"showMaterialUpdate":false,"showSkybox":true,"showFlares":true,"showImageEffects":true,"showParticleSystems":true},"in2DMode":false,"pivot":{"x":24.871803283691408,"y":76.70535278320313,"z":-29.023406982421876},"rotation":{"x":0.25106576085090639,"y":-0.12086164951324463,"z":0.03159651532769203,"w":0.9598750472068787},"size":54.635372161865237,"orthographic":true}