{"cameraMode":{"drawMode":0,"name":"Shaded","section":"Shading Mode"},"sceneLighting":true,"audioPlay":false,"sceneViewState":{"showFog":true,"showMaterialUpdate":false,"showSkybox":true,"showFlares":true,"showImageEffects":true,"showParticleSystems":true},"in2DMode":false,"pivot":{"x":9.975802421569825,"y":100.29129028320313,"z":-11.4436616897583},"rotation":{"x":0.09451450407505036,"y":0.9052991271018982,"z":-0.3023364841938019,"w":0.28300750255584719},"size":34.251651763916019,"orthographic":false}