{"cameraMode":{"drawMode":0,"name":"Shaded","section":"Shading Mode"},"sceneLighting":true,"audioPlay":false,"sceneViewState":{"showFog":true,"showMaterialUpdate":false,"showSkybox":true,"showFlares":true,"showImageEffects":true,"showParticleSystems":true},"in2DMode":false,"pivot":{"x":-1233.625732421875,"y":640.1821899414063,"z":1740.7459716796875},"rotation":{"x":0.33343908190727236,"y":0.2097989171743393,"z":-0.07637467980384827,"w":0.9159529209136963},"size":79.14637756347656,"orthographic":false}