{"cameraMode":{"drawMode":0,"name":"Shaded","section":"Shading Mode"},"sceneLighting":true,"audioPlay":false,"sceneViewState":{"showFog":true,"showMaterialUpdate":false,"showSkybox":true,"showFlares":true,"showImageEffects":true,"showParticleSystems":true},"in2DMode":false,"pivot":{"x":-361.561279296875,"y":78.09619140625,"z":2056.5869140625},"rotation":{"x":-0.27969351410865786,"y":0.4325774312019348,"z":-0.1431696116924286,"w":-0.845074474811554},"size":27.139429092407228,"orthographic":false}