{"cameraMode":{"drawMode":0,"name":"Shaded","section":"Shading Mode"},"sceneLighting":true,"audioPlay":false,"sceneViewState":{"showFog":true,"showMaterialUpdate":false,"showSkybox":true,"showFlares":true,"showImageEffects":true,"showParticleSystems":true},"in2DMode":false,"pivot":{"x":-347.49169921875,"y":76.3057861328125,"z":2068.104248046875},"rotation":{"x":0.017379628494381906,"y":-0.9769679307937622,"z":0.08759737014770508,"w":0.1937994807958603},"size":14.390609741210938,"orthographic":false}