{"cameraMode":{"drawMode":0,"name":"Shaded","section":"Shading Mode"},"sceneLighting":true,"audioPlay":false,"sceneViewState":{"showFog":true,"showMaterialUpdate":false,"showSkybox":true,"showFlares":true,"showImageEffects":true,"showParticleSystems":true},"in2DMode":false,"pivot":{"x":-321.1309814453125,"y":328.3333435058594,"z":1592.7315673828125},"rotation":{"x":-0.3976597487926483,"y":-0.04339584335684776,"z":0.018833326175808908,"w":-0.9163126945495606},"size":0.2566571831703186,"orthographic":false}