{"cameraMode":{"drawMode":0,"name":"Shaded","section":"Shading Mode"},"sceneLighting":true,"audioPlay":false,"sceneViewState":{"showFog":true,"showMaterialUpdate":false,"showSkybox":true,"showFlares":true,"showImageEffects":true,"showParticleSystems":true},"in2DMode":false,"pivot":{"x":631.1344604492188,"y":396.0,"z":288.4678955078125},"rotation":{"x":-0.13926611840724946,"y":-0.038579799234867099,"z":0.005443567875772715,"w":-0.9894882440567017},"size":2118.054931640625,"orthographic":true}