{"cameraMode":{"drawMode":0,"name":"Shaded","section":"Shading Mode"},"sceneLighting":true,"audioPlay":false,"sceneViewState":{"showFog":true,"showMaterialUpdate":false,"showSkybox":true,"showFlares":true,"showImageEffects":true,"showParticleSystems":true},"in2DMode":false,"pivot":{"x":-1240.260498046875,"y":693.8602905273438,"z":1696.6092529296875},"rotation":{"x":-0.4068971872329712,"y":0.235261008143425,"z":-0.10929331183433533,"w":-0.8758663535118103},"size":26.51515769958496,"orthographic":false}