{"cameraMode":{"drawMode":0,"name":"Shaded","section":"Shading Mode"},"sceneLighting":true,"audioPlay":false,"sceneViewState":{"showFog":true,"showMaterialUpdate":false,"showSkybox":true,"showFlares":true,"showImageEffects":true,"showParticleSystems":true},"in2DMode":false,"pivot":{"x":44.13755798339844,"y":72.60713195800781,"z":-27.930320739746095},"rotation":{"x":-0.26302772760391238,"y":-0.32519271969795229,"z":0.09466661512851715,"w":-0.9033849835395813},"size":7.509039402008057,"orthographic":false}