{"cameraMode":{"drawMode":0,"name":"Shaded","section":"Shading Mode"},"sceneLighting":true,"audioPlay":false,"sceneViewState":{"showFog":true,"showMaterialUpdate":false,"showSkybox":true,"showFlares":true,"showImageEffects":true,"showParticleSystems":true},"in2DMode":false,"pivot":{"x":-456.7847900390625,"y":104.62301635742188,"z":1212.5849609375},"rotation":{"x":0.0005315235466696322,"y":-0.9981818199157715,"z":0.008899113163352013,"w":0.05961313098669052},"size":994.6307373046875,"orthographic":false}