{"cameraMode":{"drawMode":0,"name":"Shaded","section":"Shading Mode"},"sceneLighting":true,"audioPlay":false,"sceneViewState":{"showFog":true,"showMaterialUpdate":false,"showSkybox":true,"showFlares":true,"showImageEffects":true,"showParticleSystems":true},"in2DMode":false,"pivot":{"x":-205.99618530273438,"y":66.30430603027344,"z":-332.9961853027344},"rotation":{"x":-0.0076601686887443069,"y":0.937700092792511,"z":-0.02074229158461094,"w":-0.34674155712127688},"size":430.5312805175781,"orthographic":false}