{"cameraMode":{"drawMode":0,"name":"Shaded","section":"Shading Mode"},"sceneLighting":true,"audioPlay":false,"sceneViewState":{"showFog":true,"showMaterialUpdate":false,"showSkybox":true,"showFlares":true,"showImageEffects":true,"showParticleSystems":true},"in2DMode":false,"pivot":{"x":-5.573254585266113,"y":2.101400375366211,"z":-9.127004623413086},"rotation":{"x":0.2796076536178589,"y":-0.06283655017614365,"z":0.01834198832511902,"w":0.9578803181648254},"size":22.0,"orthographic":false}