{"cameraMode":{"drawMode":0,"name":"Shaded","section":"Shading Mode"},"sceneLighting":true,"audioPlay":false,"sceneViewState":{"showFog":true,"showMaterialUpdate":false,"showSkybox":true,"showFlares":true,"showImageEffects":true,"showParticleSystems":true},"in2DMode":false,"pivot":{"x":-326.91497802734377,"y":69.08721923828125,"z":2082.66796875},"rotation":{"x":0.3202299475669861,"y":0.23637127876281739,"z":-0.08284936845302582,"w":0.9136286973953247},"size":19.542640686035158,"orthographic":false}