{"cameraMode":{"drawMode":0,"name":"Shaded","section":"Shading Mode"},"sceneLighting":true,"audioPlay":false,"sceneViewState":{"showFog":true,"showMaterialUpdate":false,"showSkybox":true,"showFlares":true,"showImageEffects":true,"showParticleSystems":true},"in2DMode":false,"pivot":{"x":4.224571704864502,"y":-3.880281448364258,"z":25.995025634765626},"rotation":{"x":-0.056301064789295199,"y":-0.14406949281692506,"z":0.008213050663471222,"w":-0.9879305362701416},"size":54.7750358581543,"orthographic":false}