{"cameraMode":{"drawMode":0,"name":"Shaded","section":"Shading Mode"},"sceneLighting":true,"audioPlay":false,"sceneViewState":{"showFog":true,"showMaterialUpdate":false,"showSkybox":true,"showFlares":true,"showImageEffects":true,"showParticleSystems":true},"in2DMode":false,"pivot":{"x":-404.33148193359377,"y":67.99080657958985,"z":1996.0184326171875},"rotation":{"x":0.1405101716518402,"y":-0.587019145488739,"z":0.10434981435537338,"w":0.7904281616210938},"size":57.51177978515625,"orthographic":false}