{"cameraMode":{"drawMode":0,"name":"Shaded","section":"Shading Mode"},"sceneLighting":true,"audioPlay":false,"sceneViewState":{"showFog":true,"showMaterialUpdate":false,"showSkybox":true,"showFlares":true,"showImageEffects":true,"showParticleSystems":true},"in2DMode":false,"pivot":{"x":46.9190673828125,"y":73.72261810302735,"z":17.967384338378908},"rotation":{"x":0.26310762763023379,"y":0.11811882257461548,"z":-0.032475654035806659,"w":0.9569575786590576},"size":69.8893814086914,"orthographic":false}