{"cameraMode":{"drawMode":0,"name":"Shaded","section":"Shading Mode"},"sceneLighting":true,"audioPlay":false,"sceneViewState":{"showFog":true,"showMaterialUpdate":false,"showSkybox":true,"showFlares":true,"showImageEffects":true,"showParticleSystems":true},"in2DMode":false,"pivot":{"x":-348.36834716796877,"y":73.72455596923828,"z":2032.19140625},"rotation":{"x":-0.3610381484031677,"y":0.5094724893569946,"z":-0.24838562309741975,"w":-0.7405362129211426},"size":50.96681594848633,"orthographic":false}