{"cameraMode":{"drawMode":0,"name":"Shaded","section":"Shading Mode"},"sceneLighting":true,"audioPlay":false,"sceneViewState":{"showFog":true,"showMaterialUpdate":false,"showSkybox":true,"showFlares":true,"showImageEffects":true,"showParticleSystems":true},"in2DMode":false,"pivot":{"x":-342.3780212402344,"y":76.31243133544922,"z":2065.321533203125},"rotation":{"x":0.419383704662323,"y":-0.3551383912563324,"z":0.18269293010234834,"w":0.815240740776062},"size":6.643068790435791,"orthographic":false}