{"cameraMode":{"drawMode":0,"name":"Shaded","section":"Shading Mode"},"sceneLighting":true,"audioPlay":false,"sceneViewState":{"showFog":true,"showMaterialUpdate":false,"showSkybox":true,"showFlares":true,"showImageEffects":true,"showParticleSystems":true},"in2DMode":false,"pivot":{"x":-162.83889770507813,"y":479.1480407714844,"z":1759.8880615234375},"rotation":{"x":0.01037644874304533,"y":-0.9044647812843323,"z":0.022001275792717935,"w":0.42585423588752749},"size":23.01318359375,"orthographic":true}