{"cameraMode":{"drawMode":0,"name":"Shaded","section":"Shading Mode"},"sceneLighting":true,"audioPlay":false,"sceneViewState":{"showFog":true,"showMaterialUpdate":false,"showSkybox":true,"showFlares":true,"showImageEffects":true,"showParticleSystems":true},"in2DMode":false,"pivot":{"x":642.997314453125,"y":-289.20465087890627,"z":777.4112548828125},"rotation":{"x":0.33419740200042727,"y":0.17953543365001679,"z":-0.06501522660255432,"w":0.9229584336280823},"size":1923.943359375,"orthographic":false}