{"cameraMode":{"drawMode":0,"name":"Shaded","section":"Shading Mode"},"sceneLighting":true,"audioPlay":false,"sceneViewState":{"showFog":true,"showMaterialUpdate":false,"showSkybox":true,"showFlares":true,"showImageEffects":true,"showParticleSystems":true},"in2DMode":false,"pivot":{"x":-915.341552734375,"y":-575.4429931640625,"z":1255.72705078125},"rotation":{"x":0.08758004754781723,"y":-0.9114637970924377,"z":0.26151761412620547,"w":0.30524110794067385},"size":1340.680419921875,"orthographic":false}