{"cameraMode":{"drawMode":0,"name":"Shaded","section":"Shading Mode"},"sceneLighting":true,"audioPlay":false,"sceneViewState":{"showFog":true,"showMaterialUpdate":false,"showSkybox":true,"showFlares":true,"showImageEffects":true,"showParticleSystems":true},"in2DMode":false,"pivot":{"x":800.2067260742188,"y":414.4653015136719,"z":224.2978057861328},"rotation":{"x":-0.19229483604431153,"y":0.0002905636210925877,"z":-0.00005696716107195243,"w":-0.9813371896743774},"size":1651.3526611328125,"orthographic":false}