{"cameraMode":{"drawMode":0,"name":"Shaded","section":"Shading Mode"},"sceneLighting":true,"audioPlay":false,"sceneViewState":{"showFog":true,"showMaterialUpdate":false,"showSkybox":true,"showFlares":true,"showImageEffects":true,"showParticleSystems":true},"in2DMode":false,"pivot":{"x":-16.104642868041993,"y":9.109329223632813,"z":1.561964988708496},"rotation":{"x":0.12707482278347016,"y":-0.808122456073761,"z":0.18905629217624665,"w":0.5431830883026123},"size":17.627880096435548,"orthographic":false}