{"cameraMode":{"drawMode":0,"name":"Shaded","section":"Shading Mode"},"sceneLighting":true,"audioPlay":false,"sceneViewState":{"showFog":true,"showMaterialUpdate":false,"showSkybox":true,"showFlares":true,"showImageEffects":true,"showParticleSystems":true},"in2DMode":false,"pivot":{"x":-145.86944580078126,"y":-204.59375,"z":2284.861572265625},"rotation":{"x":-0.4271540343761444,"y":-0.37623244524002077,"z":0.20162338018417359,"w":-0.7970800995826721},"size":511.2337341308594,"orthographic":false}