{"cameraMode":{"drawMode":0,"name":"Shaded","section":"Shading Mode"},"sceneLighting":true,"audioPlay":false,"sceneViewState":{"showFog":true,"showMaterialUpdate":false,"showSkybox":true,"showFlares":true,"showImageEffects":true,"showParticleSystems":true},"in2DMode":false,"pivot":{"x":26.83855628967285,"y":70.12274169921875,"z":-1.2464141845703126},"rotation":{"x":0.2194989174604416,"y":-0.009941129945218563,"z":0.0022368929348886015,"w":0.9755595922470093},"size":19.61895751953125,"orthographic":false}