{"cameraMode":{"drawMode":0,"name":"Shaded","section":"Shading Mode"},"sceneLighting":true,"audioPlay":false,"sceneViewState":{"showFog":true,"showMaterialUpdate":false,"showSkybox":true,"showFlares":true,"showImageEffects":true,"showParticleSystems":true},"in2DMode":false,"pivot":{"x":-258.7579345703125,"y":-333.3464660644531,"z":1375.25},"rotation":{"x":0.004251680802553892,"y":-0.9597161412239075,"z":0.28056275844573977,"w":0.014542276039719582},"size":977.77294921875,"orthographic":false}