{"cameraMode":{"drawMode":0,"name":"Shaded","section":"Shading Mode"},"sceneLighting":true,"audioPlay":false,"sceneViewState":{"showFog":true,"showMaterialUpdate":false,"showSkybox":true,"showFlares":true,"showImageEffects":true,"showParticleSystems":true},"in2DMode":false,"pivot":{"x":99.06625366210938,"y":-46.6811408996582,"z":24.774518966674806},"rotation":{"x":0.15853431820869447,"y":0.6538393497467041,"z":-0.14278963208198548,"w":0.7259284853935242},"size":155.8860626220703,"orthographic":false}