{"cameraMode":{"drawMode":0,"name":"Shaded","section":"Shading Mode"},"sceneLighting":true,"audioPlay":false,"sceneViewState":{"showFog":true,"showMaterialUpdate":false,"showSkybox":true,"showFlares":true,"showImageEffects":true,"showParticleSystems":true},"in2DMode":false,"pivot":{"x":52.67995834350586,"y":72.35612487792969,"z":-15.117918968200684},"rotation":{"x":-0.13926611840724946,"y":-0.038579799234867099,"z":0.005443567875772715,"w":-0.9894882440567017},"size":2.8578836917877199,"orthographic":true}